﻿id,firstname,lastname,email,address1,address2,city,state,postalcode,country,preference,membership,followup
1,Jane,Jones,noreply@xmpie.net,756-9580 Lectus St.,,Missoula,MT,93420,USA,beach,club,
2,Jerry,Jones,noreply@xmpie.net,756-9580 Lectus St.,,Missoula,mt,93420,USA,hiking,,
3,Sandra,Smith,noreply@xmpie.net,2660 Phasellus St.,Apt #243,Salt Lake City,UT,83660,USA,shopping,club,
4,Sam,Smith,noreply@xmpie.net,"629 Erat, St.",Apt #9C,Erie,PA,55319,USA,snow,,
5,Fred,Farrell,noreply@xmpie.net,6094 Fames Road,,Colorado Springs,CO,12939,USA,shopping,club,
6,Gina,Green,noreply@xmpie.net,227-2553 Mauris Road,,Missoula,MT,26134,USA,hiking,,
7,Sam,Jones,noreply@xmpie.net,832 Amet Avenue,,Joliet,IL,17248,USA,beach,,
8,Glenda,James,,5623 Tristique Ave,Ap #333,Waterbury,CT,08000,USA,snow,club,
9,Jonathon,James,,5623 Tristique Ave,Ap #333,Waterbury,CT,08000,USA,beach,,
10,Samantha,Brown,noreply@xmpie.net,1419 Princes Highway,,Waterbury,CT,11150,USA,hiking,,
11,Scott,McPhadden,noreply@xmpie.net,"2992 Adipiscing, St.",P.O. Box 575,Frankfort,KY,93207,USA,snow,,
12,John,Braddon,noreply@xmpie.net,,1 The Terrace,Louisville,KY,35999,USA,hiking,,
13,Emily,Rowntree,noreply@xmpie.net,3459 Ac St.,,Frankfort,KY,93207,USA,shopping,,
14,Jason,Andrews,noreply@xmpie.net,6955 Primis Rd.,,Hattiesburg,MS,25776,USA,beach,,
